A,B,C,D,Vulnerability_Truth
17,0,82,328,1
19,1,277,307,1
2,1,371,9,0
23,0,202,90,1
21,0,181,585,1
1,1,34,866,1
22,0,382,39,1
12,0,175,913,0
20,0,142,62,1
10,0,137,787,0
4,0,82,606,1
18,0,314,123,1
11,1,341,787,0
0,1,158,640,0
22,0,375,38,0
12,0,157,557,1
5,0,185,737,1
18,0,336,950,1
12,0,175,808,1
20,1,291,691,0
4,0,359,564,0
2,0,156,317,1
8,1,103,615,1
13,0,258,775,1
1,0,204,927,0
20,0,106,604,0
4,1,376,388,0
11,1,319,701,1
21,0,129,7,1
21,1,384,740,0
17,0,153,45,0
17,1,225,404,0
14,0,29,726,0
5,0,324,562,0
10,1,185,967,1
15,1,203,71,0
19,0,368,597,0
14,1,31,709,1
21,0,351,96,1
23,0,336,189,1
12,1,354,990,1
11,1,385,718,0
19,0,132,973,1
6,0,236,447,1
1,0,268,339,0
22,1,297,244,0
3,0,132,422,0
2,1,24,695,1
4,1,340,238,0
9,0,369,551,1
16,1,189,876,1
4,0,264,614,1
1,0,258,576,0
2,0,70,489,1
0,0,84,698,1
19,0,392,336,0
15,1,84,953,1
16,1,193,842,1
14,1,317,922,0
23,0,344,661,0
20,1,372,713,0
16,0,4,495,0
20,0,74,308,0
11,0,383,791,0
12,1,104,874,1
1,0,59,627,1
1,1,187,483,1
9,1,47,236,0
2,0,51,665,0
16,1,284,862,0
5,1,47,560,1
15,0,140,363,1
19,1,51,568,0
17,0,231,454,0
18,1,363,588,0
1,0,37,45,1
7,0,199,290,1
10,0,52,215,1
22,1,183,89,0
10,0,372,616,1
4,0,103,408,0
6,0,141,518,0
22,0,304,369,0
23,1,147,909,1
21,0,54,786,0
0,0,81,123,0
2,1,103,903,1
20,1,292,575,1
10,0,132,883,1
18,1,360,482,0
7,0,189,304,1
22,1,236,897,1
3,0,173,431,0
18,1,60,771,1
1,1,94,445,0
13,0,349,688,0
8,1,41,408,1
23,1,98,414,0
6,0,63,587,0
8,1,322,711,1
21,1,365,795,0
15,1,319,436,0
10,1,353,228,1
7,0,373,192,0
17,1,162,802,1
1,1,82,821,1
2,1,85,456,1
4,0,131,186,1
16,0,298,210,0
14,0,101,741,0
2,0,366,242,1
6,0,33,728,0
16,0,286,131,1
16,1,304,324,0
8,1,158,239,0
20,0,270,758,1
8,0,338,128,1
23,1,155,411,0
0,1,281,256,0
17,0,159,24,1
21,1,228,162,1
13,1,370,250,0
11,1,316,730,1
0,1,265,70,0
1,0,47,253,0
12,0,104,301,0
16,0,107,416,1
8,1,49,695,1
9,1,243,307,1
21,0,92,986,1
0,1,328,406,1
20,1,156,893,0
9,1,267,936,0
6,1,108,662,0
13,1,329,942,1
12,0,353,900,0
17,1,147,515,0
20,0,221,437,0
12,0,130,729,0
15,0,224,723,0
2,0,122,815,0
18,0,294,430,0
8,0,9,443,1
23,1,340,201,1
11,1,348,262,0
21,0,177,269,0
11,1,251,148,0
8,1,88,478,1
1,1,136,567,0
4,1,113,515,1
10,0,136,918,1
9,0,128,748,0
0,0,30,911,0
22,0,197,828,1
12,1,388,572,0
13,1,37,649,1
18,1,320,778,0
17,1,238,501,0
12,0,258,850,1
16,0,5,206,1
10,1,189,376,0
6,1,159,936,0
21,1,7,722,1
21,1,70,131,0
16,0,91,456,0
20,0,18,815,1
9,0,320,550,0
7,1,153,995,0
16,1,368,426,1
4,1,166,64,0
22,0,294,582,1
2,0,151,886,0
9,1,132,878,0
5,0,206,704,0
19,1,288,761,1
1,1,68,621,1
12,1,21,668,1
7,0,230,348,0
17,1,126,823,1
20,1,152,882,0
23,0,383,423,0
2,0,318,957,0
20,1,320,942,1
20,1,376,439,0
19,0,291,486,1
22,1,189,244,1
5,0,382,438,1
21,0,213,919,1
11,1,205,637,1
1,0,303,588,1
19,0,308,608,0
1,1,89,374,0
5,1,387,43,0
21,0,59,470,0
10,0,391,486,0
9,0,353,793,1
20,1,262,357,1
22,1,113,905,0
4,0,364,124,0
20,1,37,226,1
12,0,268,91,1
1,0,330,793,1
5,1,138,131,0
2,0,195,916,0
2,0,152,330,1
17,1,209,791,0
12,1,181,566,0
20,0,323,476,1
21,0,59,124,1
10,0,279,315,0
7,1,225,24,0
12,0,37,403,1
18,0,32,315,1
18,1,94,590,0
2,0,110,674,0
13,0,381,331,1
10,1,42,736,1
18,1,171,764,0
5,1,95,42,0
0,1,11,924,1
12,0,232,469,1
10,0,324,46,0
7,0,189,837,0
20,0,10,777,0
3,0,48,30,1
16,0,285,616,1
17,1,222,829,0
1,1,63,843,1
5,0,387,250,1
3,1,312,467,0
10,0,55,155,1
13,0,162,766,0
13,1,99,419,0
2,1,249,342,0
15,0,45,960,1
1,0,19,634,1
9,1,318,536,1
5,1,265,501,0
19,0,330,41,1
0,0,74,760,1
14,1,332,77,0
20,0,155,424,0
0,1,275,959,1
10,0,378,37,0
7,0,185,750,0
20,0,178,372,1
9,0,22,816,0
14,1,160,429,0
1,1,24,815,1
20,1,191,798,1
19,0,47,132,0
3,0,77,195,0
7,0,211,906,0
18,1,336,794,0
1,0,239,967,0
16,1,180,595,0
7,0,308,764,1
4,1,88,985,0
14,1,133,562,1
8,1,123,132,1
21,0,86,2,1
1,0,81,768,1
9,1,18,815,1
3,1,261,949,0
6,1,113,285,1
0,1,314,873,1
9,1,112,305,0
20,1,381,698,1
0,1,233,177,1
8,0,101,947,1
8,0,343,998,0
14,0,92,542,0
6,0,220,321,1
4,0,143,936,1
17,0,360,372,0
18,0,340,894,0
3,0,182,116,1
10,1,282,170,0
8,0,172,377,0
22,1,25,912,0
10,1,126,881,1
7,1,197,605,1
21,0,61,904,0
19,0,38,398,0
18,0,130,908,1
3,1,272,722,1
1,1,288,745,0
0,0,346,588,0
22,1,203,966,0
10,1,340,850,0
22,0,91,347,1
6,0,366,140,0
10,0,210,343,0
13,1,19,709,1
17,1,146,589,0
3,1,302,38,0
23,0,295,453,0
16,1,279,46,0
17,0,214,897,0
6,1,28,701,0
16,1,105,31,1
2,0,67,568,0
19,1,70,213,0
12,1,280,643,1
10,1,328,262,1
4,0,127,348,1
17,0,400,604,0
1,0,386,61,1
23,1,136,477,0
2,1,287,446,0
2,0,219,114,1
20,1,110,624,1
16,0,8,732,1
1,0,304,562,1
11,1,180,87,0
7,1,115,179,0
23,0,140,299,1
20,0,27,74,0
11,1,267,388,1
3,0,9,524,1
22,0,400,655,1
13,1,207,421,1
3,0,73,114,0
0,1,231,308,0
20,1,146,837,0
20,1,169,495,1
23,0,56,823,0
21,1,190,634,0
1,1,264,409,1
11,1,149,584,1
18,0,360,210,1
11,0,206,351,0
6,1,251,536,1
13,1,80,541,0
21,0,107,3,1
19,1,206,305,0
0,0,162,366,0
21,0,269,233,0
15,1,63,486,0
0,1,266,106,1
20,1,171,246,1
1,0,371,432,1
23,0,203,760,1
9,1,264,326,1
10,1,161,353,0
21,0,55,638,1
22,1,184,483,0
9,0,356,905,0
9,0,40,508,1
9,1,228,958,1
13,1,107,356,0
9,0,128,158,1
12,0,329,110,1
14,0,323,771,1
11,1,237,176,0
4,1,285,293,1
14,1,164,182,1
6,1,178,983,0
9,0,28,50,0
12,0,359,372,1
4,1,394,431,0
2,1,237,183,1
22,0,140,780,0
3,1,63,734,0
6,0,383,6,0
8,1,225,851,1
14,1,79,521,1
0,1,252,933,0
1,1,130,856,0
8,0,283,149,1
17,1,315,435,0
2,1,320,855,1
1,0,272,906,1
22,0,382,962,0
4,0,219,260,1
22,0,108,47,1
23,0,230,546,1
6,1,181,63,0
19,1,211,68,0
7,1,126,354,0
12,1,306,531,0
12,1,2,515,0
14,0,308,167,0
3,0,145,889,1
2,1,366,280,1
19,1,374,350,1
12,1,64,989,0
11,0,312,866,0
1,0,307,370,0
10,1,238,962,0
9,1,377,479,0
22,1,110,306,1
14,1,173,821,1
3,1,60,784,0
23,1,92,726,0
19,1,191,699,1
8,1,291,621,0
23,0,389,639,1
4,0,214,114,0
6,0,54,893,0
6,0,172,291,1
18,0,354,209,0
3,0,99,129,0
6,0,251,751,0
5,1,42,581,0
14,1,195,440,1
15,1,223,355,0
17,1,71,564,0
2,1,92,766,0
2,0,260,665,1
11,1,400,494,1
21,1,111,899,0
20,0,336,401,1
8,0,239,819,0
14,1,223,754,0
18,1,194,305,1
23,1,357,577,1
14,0,1,621,1
20,1,227,947,0
22,0,290,585,1
18,0,69,851,0
4,1,256,260,0
3,1,72,522,1
11,0,170,881,1
15,1,72,931,1
6,1,360,665,1
19,1,1,697,0
18,1,249,180,1
20,0,32,869,0
1,0,92,724,0
6,0,286,673,0
14,0,145,116,1
2,1,391,516,1
23,0,241,401,1
16,0,251,722,1
4,0,389,909,0
22,0,349,941,1
23,0,257,497,0
7,1,174,617,1
11,0,115,363,1
16,1,325,933,1
22,1,24,989,0
16,0,86,392,0
19,0,203,390,1
15,1,199,747,1
2,0,343,611,0
23,0,85,552,1
16,0,305,706,0
10,1,72,935,0
6,1,295,818,0
15,0,137,315,0
10,0,51,334,1
3,0,97,361,0
5,0,253,116,1
14,1,384,379,0
14,0,397,652,1
18,0,158,507,0
11,1,95,769,1
19,1,210,466,0
9,0,153,256,1
1,0,209,987,0
6,0,247,288,0
9,1,296,592,0
9,0,344,944,0
0,0,216,389,1
21,0,100,629,0
22,0,58,143,0
9,1,226,455,1
22,1,50,112,0
10,1,388,26,0
11,0,83,175,1
10,0,66,386,1
12,0,45,514,1
21,1,202,176,0
8,1,310,15,1
13,0,166,164,0
7,1,256,498,0
17,1,140,849,0
22,0,215,497,1
5,1,224,102,0
3,0,381,473,0
2,0,60,723,0
5,1,107,579,0
1,1,362,449,0
22,0,272,75,1
13,1,32,56,0
9,1,248,118,1
23,0,71,603,0
19,0,44,512,0
22,0,132,144,1
2,0,184,726,1
8,0,238,73,1
4,1,142,233,1
5,1,107,587,0
22,1,41,308,0
16,1,83,843,1
17,1,50,1000,1
5,0,96,113,1
21,1,186,447,0
2,0,100,707,0
19,1,157,297,0
14,0,252,205,0
5,0,42,877,0
19,0,163,760,0
14,0,229,819,0
5,0,225,712,0
8,0,330,870,0
7,0,181,816,1
7,1,160,105,0
16,1,261,133,0
17,1,41,214,0
0,0,300,897,1
15,0,327,117,0
3,0,386,415,1
3,0,217,106,0
7,0,302,815,1
3,0,31,625,0
5,0,140,608,1
4,1,299,707,0
20,1,388,881,0
7,1,68,346,0
6,1,77,555,0
21,1,197,667,1
0,0,298,261,1
15,0,354,517,1
1,0,164,145,0
11,1,300,18,0
22,1,105,411,1
11,0,173,917,1
1,1,114,153,1
8,1,214,215,0
23,0,385,708,0
10,1,224,337,1
7,1,357,266,1
18,1,344,526,1
23,0,394,495,1
12,1,364,585,1
5,1,231,606,1
11,1,157,985,1
14,0,235,600,0
20,1,230,816,1
10,0,74,294,0
21,0,188,70,1
0,1,152,598,1
16,1,184,836,1
17,0,231,806,0
23,0,143,933,1
18,1,161,292,0
23,0,320,577,0
14,1,273,746,0
7,1,383,155,0
18,0,18,441,0
7,1,216,222,0
3,0,328,185,0
20,1,12,84,0
9,0,237,975,1
8,1,30,33,1
17,0,48,582,1
11,1,395,792,1
21,1,255,703,0
10,0,309,67,0
21,1,399,184,1
13,1,34,910,0
4,1,157,520,0
12,0,324,591,1
1,1,16,781,1
20,0,86,202,1
4,0,387,463,1
19,0,248,660,1
3,0,164,487,1
3,0,58,945,1
17,0,239,250,0
19,0,146,786,0
11,1,336,768,0
10,0,139,347,1
7,1,380,758,1
7,0,287,52,1
17,0,248,485,1
23,0,105,128,0
1,1,353,232,1
7,1,8,860,1
4,1,113,988,1
5,1,161,30,1
20,1,107,17,1
15,0,276,587,1
5,1,169,747,0
1,0,381,446,1
8,0,284,1000,0
17,1,189,268,0
4,1,367,441,1
10,0,144,835,1
21,0,391,784,0
14,1,395,186,1
23,0,173,256,1
15,0,227,287,1
8,1,377,969,1
6,0,16,114,1
9,1,9,440,0
19,0,22,309,1
5,0,161,40,0
20,0,340,462,0
5,0,66,959,1
12,1,242,653,1
2,0,90,413,0
15,1,38,915,0
10,0,377,182,1
3,0,248,387,1
0,1,239,789,1
18,1,207,739,0
22,0,356,372,0
9,1,253,579,1
20,0,313,351,1
15,1,106,993,0
1,1,226,912,1
16,0,166,790,1
23,0,265,445,0
14,0,122,508,0
23,0,257,484,1
2,1,249,121,1
4,0,260,260,1
5,1,143,829,0
1,0,3,836,0
21,1,159,908,1
17,0,217,150,0
23,1,84,137,0
17,1,197,251,1
16,0,20,445,0
7,0,348,938,0
17,0,23,210,1
16,1,102,347,0
10,0,134,730,0
4,1,255,218,1
0,0,210,877,0
23,1,377,606,0
1,1,353,125,1
8,1,57,494,0
13,1,183,249,0
0,0,131,336,1
4,0,269,116,1
18,0,186,297,1
20,0,257,862,0
19,0,331,670,0
6,1,254,321,1
14,1,385,159,0
4,1,304,642,0
14,1,384,837,1
16,0,365,170,1
23,1,134,601,1
14,0,328,826,1
23,0,319,556,1
3,0,236,850,0
3,1,139,761,1
12,0,206,137,0
14,0,137,984,0
3,0,244,924,1
23,0,52,451,1
17,1,84,124,0
17,1,116,887,1
14,0,340,139,1
1,0,393,54,0
17,1,355,650,1
19,1,97,800,0
22,1,228,69,0
15,0,184,44,0
10,1,200,651,0
3,1,310,639,1
11,0,295,57,0
10,0,14,296,1
19,0,163,493,1
17,1,40,88,0
4,1,382,251,1
15,0,205,907,1
6,1,114,345,1
9,1,229,763,0
0,1,256,851,0
2,1,49,502,0
17,0,302,607,1
16,1,307,401,1
14,1,86,804,1
4,1,125,350,1
9,1,87,180,1
9,0,49,49,1
8,1,42,582,1
4,1,306,30,0
8,0,322,598,1
12,0,25,994,1
8,0,61,843,0
21,1,312,22,1
15,0,222,832,1
16,0,38,777,0
2,0,19,766,0
17,1,252,593,1
9,0,226,750,0
7,1,199,117,0
12,0,47,19,0
10,0,52,831,0
21,1,269,846,1
9,1,207,94,0
0,1,50,721,1
19,1,83,402,0
22,1,167,996,0
17,0,273,124,1
22,1,303,367,0
15,1,333,269,0
22,1,91,561,0
15,0,37,485,0
18,0,40,351,0
21,0,285,28,0
1,0,364,977,0
11,1,275,625,1
19,0,12,748,1
12,0,292,474,1
15,0,43,850,0
5,1,256,939,0
6,1,345,404,0
23,1,151,444,0
14,0,67,870,1
9,1,373,738,0
22,1,193,314,1
9,1,131,345,0
9,1,147,581,1
3,0,396,492,0
20,1,371,101,1
8,1,346,383,0
10,0,223,179,0
10,0,379,803,0
15,1,299,281,1
17,1,283,204,0
13,0,98,999,0
3,1,324,723,0
6,1,82,346,1
0,1,109,520,0
20,0,353,166,0
17,0,119,464,1
3,1,374,859,1
1,0,63,177,1
5,1,203,907,0
1,1,258,363,1
15,0,201,881,1
15,1,337,858,0
20,1,377,980,1
22,0,177,372,0
11,1,99,40,0
10,0,229,551,1
17,1,140,216,1
4,1,264,501,0
23,1,101,98,0
10,0,161,613,1
4,0,321,538,0
3,0,312,740,1
19,0,22,122,1
13,1,131,926,0
3,1,223,998,0
15,0,53,35,1
13,0,156,211,1
12,1,106,776,1
3,0,80,154,1
18,0,312,535,0
7,0,293,129,1
8,0,147,282,1
0,1,365,622,1
6,1,344,65,0
9,0,218,933,0
18,0,89,277,0
18,1,157,507,0
10,1,298,326,0
0,0,315,847,0
14,1,244,970,0
12,0,356,515,0
21,1,60,447,1
8,1,209,501,1
17,1,163,179,1
2,1,188,281,0
23,1,261,406,1
19,0,266,607,1
18,1,75,797,0
22,1,96,517,0
13,0,282,834,0
12,0,178,94,0
11,1,184,461,0
7,1,172,824,0
7,0,117,742,0
8,0,329,405,1
13,1,144,744,0
5,0,167,685,1
23,0,86,525,1
5,1,302,440,1
1,0,124,675,1
4,0,317,17,0
16,1,203,491,0
5,1,138,758,0
18,0,32,578,1
0,1,280,645,1
10,1,140,786,0
6,1,70,14,0
1,0,9,590,1
12,0,103,863,0
8,0,26,194,0
9,1,11,437,1
21,0,292,208,0
23,1,31,65,1
2,1,178,800,1
0,0,62,846,1
10,0,176,271,1
3,0,374,216,1
12,0,176,51,1
23,0,226,217,0
18,1,54,283,0
11,0,176,675,0
12,1,281,531,1
17,0,91,317,0
4,0,90,1,0
3,0,282,231,1
11,0,156,522,0
16,0,275,224,0
6,0,398,344,1
15,0,316,357,1
8,1,150,119,0
10,0,34,418,1
15,1,171,660,0
14,0,34,180,1
22,1,229,256,1
14,1,118,261,0
20,1,231,739,1
3,0,342,294,0
9,0,285,654,1
2,1,81,704,1
11,1,94,479,0
9,0,346,508,0
12,1,87,854,1
7,1,141,965,0
10,0,324,113,1
21,0,287,10,0
11,0,119,843,0
17,0,386,864,1
7,1,1,803,0
14,1,173,980,0
21,0,28,345,1
3,0,146,891,0
22,0,109,85,1
22,1,361,54,1
3,0,190,27,1
16,0,110,878,0
13,0,61,929,0
13,0,208,574,0
16,0,286,29,0
5,1,191,540,0
22,1,112,422,0
12,0,1,748,0
6,0,133,56,1
16,0,231,371,0
17,0,61,33,0
16,0,116,822,1
13,0,111,406,1
5,1,328,79,0
7,0,397,199,1
4,0,134,762,1
13,0,150,810,1
8,1,361,392,1
22,0,240,363,1
4,1,238,646,1
5,0,194,965,1
2,0,292,550,1
21,1,257,908,0
19,0,170,138,1
16,1,81,571,0
23,1,18,668,0
5,0,323,999,1
23,1,89,711,0
12,1,272,711,1
14,0,11,523,1
20,1,5,838,1
2,0,321,655,0
8,1,144,61,0
23,1,344,182,1
12,1,346,793,1
14,0,366,169,0
6,1,245,402,1
8,0,316,948,1
13,0,106,833,1
6,1,246,593,1
14,0,95,1000,1
12,0,210,824,0
19,0,334,659,0
20,0,51,673,1
18,0,360,355,0
12,1,249,275,1
18,0,273,4,1
11,1,27,783,1
20,1,230,882,0
22,0,270,494,0
22,0,328,668,1
13,0,382,362,1
12,1,249,900,1
21,1,377,388,1
23,0,277,109,1
22,0,35,326,0
17,0,187,617,1
3,0,296,659,0
16,0,28,747,1
17,1,11,669,0
6,1,47,338,0
0,0,193,386,1
11,0,288,529,1
15,0,391,569,1
7,1,221,444,1
9,1,284,402,0
7,0,287,614,0
15,1,72,139,0
22,0,207,946,0
5,1,391,805,0
5,1,247,856,0
8,0,384,136,0
12,1,197,439,0
13,1,70,400,0
12,1,56,949,1
20,1,146,802,0
12,0,30,652,1
23,0,190,330,1
22,1,149,280,1
2,0,67,437,0
8,1,260,586,0
12,1,167,877,0
11,1,361,759,0
23,0,147,172,1
10,1,243,170,0
14,1,254,293,1
7,0,323,620,1
20,1,348,633,0
12,1,48,259,0
19,0,174,580,1
6,0,321,656,0
11,1,310,85,0
20,1,59,546,0
4,1,359,755,1
3,1,126,972,0
23,0,194,233,1
11,1,7,207,1
10,1,303,752,0
6,1,48,188,1
5,1,214,197,0
11,1,398,346,1
19,1,371,787,0
9,0,116,542,1
16,1,215,780,1
20,0,35,156,0
2,0,165,510,0
9,0,200,107,1
6,0,10,552,0
3,1,132,371,0
10,0,354,761,1
8,0,233,887,1
7,0,339,734,1
7,1,100,946,1
3,1,30,906,0
6,0,10,431,1
9,0,239,45,1
14,1,97,205,0
11,1,303,785,0
20,1,316,83,1
5,1,42,376,1
14,0,231,622,0
16,0,176,367,0
13,1,338,112,1
17,0,303,320,1
13,1,272,562,0
11,1,116,861,1
10,1,239,139,0
8,1,293,880,1
2,1,300,270,1
3,0,79,751,0
14,1,302,461,1
3,0,90,30,1
13,1,321,886,0
10,0,119,793,0
1,1,333,429,1
15,0,295,583,1
18,0,119,925,0
18,1,21,764,0
20,0,100,857,1
13,0,13,402,1
2,1,270,125,0
8,0,103,101,1
2,1,148,202,1
17,0,192,704,1
20,0,312,391,0
6,1,117,734,0
23,0,20,551,0
2,1,377,732,1
2,1,325,651,1
9,1,361,410,1
2,1,209,840,0
12,1,163,139,1
4,0,248,330,1
8,0,337,786,1
17,1,294,389,1
0,1,212,477,0
20,1,97,281,0
18,1,347,299,1
16,1,26,716,1
7,1,183,56,1
15,0,25,410,1
20,1,9,904,1
18,0,193,580,1
7,0,106,678,0
21,0,274,555,1
20,0,44,566,1
11,0,377,7,1
2,1,179,477,0
16,0,115,96,1
19,1,298,872,0
10,0,294,260,0
4,1,174,615,0
23,1,47,886,1
15,0,281,975,1
19,1,333,173,1
4,1,272,252,1
6,1,180,392,1
13,0,2,135,1
19,1,373,844,1
23,1,109,514,0
12,1,273,185,1
18,1,321,749,0
0,1,364,617,1
1,0,26,683,0
22,1,144,904,0
22,1,240,352,1
10,0,302,369,0
3,0,146,468,1
21,0,352,232,0
10,1,316,760,1
11,0,174,954,0
4,1,282,463,1
18,0,341,912,1
9,0,263,533,0
6,0,288,392,1
21,0,293,741,0
10,0,277,188,0
10,0,386,961,1
17,0,365,133,1
12,1,5,955,0
15,0,189,546,1
16,0,379,264,0
18,1,179,60,1
6,0,39,700,0
1,0,297,466,1
20,1,200,230,0
18,0,378,747,1
0,1,138,985,1
0,1,70,669,1
19,0,252,682,0
16,1,317,419,1
6,1,78,338,0
13,0,35,956,1
10,1,375,826,1
20,0,331,10,0
5,1,392,477,0
10,0,52,994,0
5,1,52,573,0
22,1,330,617,1
12,0,369,656,0
5,0,135,491,1
12,1,70,805,0
17,1,211,453,1
7,0,361,615,1
18,1,19,410,0
7,1,373,559,1
23,0,362,792,1
13,1,345,486,1
20,1,82,116,1
23,0,351,633,1
10,0,53,635,1
19,0,317,974,0
3,1,109,820,1
3,1,242,836,0
10,1,168,243,1
7,1,310,360,1
12,0,25,379,1
7,1,294,471,0
7,1,81,591,1
17,0,34,756,0
4,0,369,11,1
6,1,336,29,0
1,0,366,635,0
20,1,72,890,0
23,1,162,408,1
20,0,244,803,1
2,0,364,607,0
8,1,275,917,1
6,1,395,379,0
21,1,128,57,0
14,1,239,628,0
1,1,24,582,1
18,1,181,847,1
14,0,256,509,1
17,0,334,151,1
15,0,152,90,0
8,1,3,79,0
5,0,154,130,1
19,1,59,895,0
20,0,360,545,0
20,1,289,813,0
4,0,153,420,0
19,0,75,139,1
5,0,200,89,0
1,0,101,470,1
3,0,367,968,0
12,0,49,88,1
13,0,145,386,0
12,0,17,920,1
17,1,81,273,0
12,1,152,745,0
14,0,61,572,0
2,1,50,507,1
3,1,65,415,0
21,1,34,536,0
22,0,114,569,1
21,0,248,493,0
1,0,43,205,0
22,1,296,963,0
4,1,19,583,0
10,1,167,86,1
21,0,37,63,1
4,0,346,108,1
22,1,85,961,1
20,1,255,672,1
20,0,262,481,1
15,1,98,759,0
11,1,325,419,1
17,0,164,801,0
22,1,78,154,0
18,1,11,687,1
3,1,47,525,1
5,1,200,179,1
8,1,97,912,0
19,0,307,846,1
17,0,157,756,0
1,1,275,476,1
11,1,48,760,1
17,1,272,211,1
17,1,91,902,0
6,0,400,437,0
5,1,277,855,1
1,0,78,664,1
11,1,332,970,1
11,0,364,962,1
1,1,324,95,0
8,0,342,721,1
15,0,170,193,1
20,1,366,875,1
10,0,185,345,0
2,1,300,65,0
18,0,140,620,1
18,0,362,100,1
2,1,126,338,1
17,1,258,199,1
13,1,2,53,0
18,1,279,94,1
4,0,174,591,0
17,1,136,28,0
13,1,27,966,1
4,0,89,948,1
12,1,250,152,1
16,1,215,21,0
10,1,383,37,1
17,0,298,482,1
20,1,130,649,0
22,0,196,347,1
8,0,194,285,1
14,1,248,133,1
9,0,123,820,1
18,0,73,342,0
20,1,278,994,1
1,0,260,254,0
3,0,118,303,0
3,0,355,253,0
14,0,331,23,1
22,0,11,993,1
2,0,46,993,0
18,0,389,733,0
4,1,5,512,0
3,0,250,937,0
18,1,47,355,0
9,0,24,978,0
4,1,120,801,0
10,1,102,205,1
1,0,85,630,0
19,0,230,55,1
0,0,89,571,1
12,1,233,860,0
8,1,5,864,1
2,1,237,828,0
1,0,376,92,1
8,1,28,722,1
4,1,391,983,0
21,0,14,456,0
21,1,123,474,0
21,1,25,836,1
17,1,191,642,1
23,1,230,965,0
5,0,113,860,1
3,1,68,506,1
14,1,151,585,0
18,0,342,888,1
20,0,37,150,1
0,1,326,905,0
4,0,207,30,0
20,0,12,544,1
19,0,132,454,1
22,0,332,433,1
18,1,187,177,1
19,0,312,990,0
5,1,74,49,0
3,1,74,396,0
3,1,205,66,1
10,0,390,117,0
8,0,344,520,1
13,1,137,491,0
13,0,3,551,0
23,0,323,330,1
4,1,90,188,0
16,1,187,58,0
21,1,165,636,0
0,0,45,217,1
10,1,50,345,1
3,1,78,708,1
6,1,203,732,0
22,1,71,678,1
6,0,126,101,1
2,1,268,390,0
9,1,101,988,1
21,0,336,370,0
21,0,216,572,0
2,1,189,733,0
8,0,287,977,1
21,0,101,782,0
7,1,323,12,1
14,1,285,181,0
0,1,117,543,0
13,0,184,179,1
5,0,378,625,0
0,1,339,338,1
14,1,8,171,1
2,0,331,865,0
21,0,180,35,1
3,1,59,412,1
17,0,131,144,1
22,0,337,370,1
10,1,157,640,0
10,1,147,108,0
23,1,302,403,0
1,0,226,886,1
0,0,400,443,0
19,0,100,477,0
20,1,384,604,0
14,1,366,457,0
21,0,196,656,0
1,0,400,840,0
1,0,354,271,1
18,1,55,48,0
7,0,77,849,1
20,0,120,466,1
17,1,364,874,0
13,0,179,478,1
4,0,169,89,0
5,1,196,550,0
21,0,339,521,0
17,0,339,971,0
0,1,255,566,1
8,1,351,276,0
15,1,109,851,0
5,0,271,240,1
12,0,323,166,0
14,1,117,434,0
11,1,347,959,0
9,1,247,561,0
2,0,64,532,1
1,0,361,96,0
0,1,134,827,1
9,0,341,750,0
22,0,290,936,1
9,1,109,522,1
12,1,172,677,0
0,0,228,315,1
17,1,103,140,0
12,1,369,600,1
22,0,70,960,1
8,1,334,532,0
6,1,394,340,1
14,0,151,181,0
21,1,172,569,1
4,0,177,530,1
2,1,107,700,0
8,0,248,110,1
19,0,315,458,0
16,1,10,609,0
8,1,231,295,1
0,1,371,571,1
19,0,262,122,1
15,0,204,571,1
8,1,258,487,0
2,1,202,530,0
0,1,145,322,1
3,0,28,346,0
0,1,304,821,0
4,0,94,28,1
12,1,297,166,1
15,0,200,747,1
23,0,251,229,1
8,0,126,506,1
12,1,72,600,0
4,1,296,411,0
21,1,121,768,1
20,0,119,667,0
14,1,148,639,0
3,0,242,196,1
23,0,240,38,0
19,1,50,702,1
7,0,157,865,0
19,1,139,64,1
5,1,245,674,1
15,0,206,865,0
3,0,54,80,0
12,1,84,977,1
11,0,303,384,0
22,0,174,497,0
15,0,381,891,1
2,1,263,139,0
13,1,127,554,0
17,0,144,479,1
16,1,96,779,0
1,1,105,100,0
10,0,370,583,1
18,1,186,922,1
19,1,393,317,1
3,1,143,797,1
11,1,353,256,1
1,1,314,857,0
13,0,326,696,0
13,0,74,283,1
8,0,71,248,0
22,1,51,51,0
22,1,51,974,1
15,1,182,907,1
13,1,351,33,0
20,1,176,579,0
10,1,152,590,1
22,1,93,493,0
15,0,383,269,0
2,1,329,802,0
12,1,126,517,1
17,0,288,36,1
15,1,147,253,1
15,0,68,687,1
0,1,350,102,1
22,0,200,319,1
22,1,66,436,0
6,0,210,724,1
7,0,31,176,0
23,0,122,319,1
10,1,30,736,1
13,1,375,98,1
6,0,138,179,1
3,1,32,553,1
5,0,380,406,1
4,1,168,737,0
7,0,19,549,1
6,0,68,977,1
7,1,320,21,0
8,1,332,627,1
8,0,71,99,1
14,1,109,117,0
19,1,268,207,0
4,0,209,417,1
2,0,73,846,0
0,0,325,992,1
7,0,206,273,0
17,1,97,12,0
5,1,274,831,1
14,0,147,890,0
2,0,182,737,0
17,0,309,820,1
20,0,96,121,1
3,0,281,811,1
21,0,338,543,0
17,0,273,312,0
18,1,104,696,0
0,1,257,671,0
22,0,366,342,1
11,0,338,700,1
7,0,237,689,0
22,0,45,711,1
19,0,236,165,0
10,1,35,858,1
12,1,59,365,1
16,0,187,582,0
23,0,237,856,0
7,0,362,59,0
6,0,170,767,0
5,1,15,727,0
14,0,90,239,1
1,0,201,717,1
20,0,109,154,1
5,0,78,779,1
22,0,50,453,1
17,0,240,719,1
13,0,198,920,0
7,0,326,359,0
21,1,99,94,0
2,0,307,116,1
3,1,89,177,0
9,1,63,885,0
17,0,208,471,1
15,0,45,875,0
12,1,177,850,0
2,0,334,824,1
8,1,395,826,0
20,0,259,468,1
23,0,308,688,0
16,1,266,533,0
16,1,13,720,0
5,1,338,547,0
13,0,31,528,1
4,0,226,173,1
23,1,89,783,1
12,0,105,653,1
17,1,177,698,1
6,0,300,842,0
9,1,14,953,0
0,0,394,619,0
5,0,5,225,0
0,1,225,964,0
10,1,3,890,1
6,1,148,834,1
0,0,10,241,1
18,1,221,245,0
7,0,299,46,1
19,1,169,305,0
21,1,145,662,0
22,1,193,573,0
14,0,142,448,1
19,0,5,543,0
9,1,240,906,1
15,1,64,669,1
17,0,70,911,1
17,1,147,260,1
15,1,150,645,1
14,1,180,321,1
10,0,149,543,0
15,1,168,591,0
22,1,324,226,1
0,1,105,934,0
10,1,252,590,0
21,1,114,221,1
21,0,362,340,1
23,1,316,267,1
23,1,282,625,1
0,0,322,943,1
18,1,227,626,1
3,1,176,713,0
7,1,76,870,0
4,0,179,877,0
6,1,124,643,0
9,1,34,914,1
17,0,242,930,0
7,1,44,272,1
17,0,341,34,0
12,1,194,494,1
5,1,260,15,1
3,0,40,855,1
5,0,282,812,1
10,1,156,198,0
3,0,250,168,0
23,0,210,356,0
1,0,219,406,1
22,0,113,796,1
0,1,94,313,0
15,1,194,652,1
19,0,224,10,1
22,0,238,467,0
8,1,165,687,0
7,1,201,720,1
6,1,178,656,0
7,1,176,70,0
7,1,70,113,0
4,1,299,963,0
16,0,350,678,1
16,0,114,778,1
1,0,246,133,1
10,0,99,260,0
16,1,98,198,1
3,0,45,67,1
2,0,3,418,0
23,1,391,349,1
13,0,388,31,1
12,1,335,118,1
6,1,142,791,0
5,1,101,70,1
14,1,359,910,1
3,1,207,650,0
23,0,393,461,0
6,1,305,136,1
16,0,113,492,0
4,0,268,989,0
18,1,26,793,1
23,0,145,161,1
6,1,122,731,1
8,1,237,769,1
19,1,168,793,1
4,1,310,453,1
22,1,140,750,0
3,1,134,916,0
22,0,305,392,0
0,1,260,260,0
20,1,190,43,0
22,1,80,318,0
19,0,54,359,0
7,1,125,89,0
5,0,38,371,1
16,0,337,377,1
15,0,318,315,0
16,0,316,405,0
1,1,212,412,0
8,1,262,480,0
14,1,180,497,1
20,1,295,490,0
7,1,221,203,1
0,0,80,496,1
15,0,16,918,0
3,1,262,68,1
1,0,366,912,0
7,1,371,323,1
18,0,378,657,1
14,1,247,704,1
9,0,200,78,1
21,1,228,14,0
13,0,130,927,1
23,0,66,799,0
11,1,15,718,1
23,0,108,911,1
6,0,174,905,0
21,1,183,488,1
17,1,335,415,1
5,0,335,681,1
23,0,8,481,1
20,1,250,342,1
1,1,125,521,1
23,0,295,735,1
3,0,95,444,1
7,0,85,751,0
17,0,158,51,0
13,0,312,366,0
22,1,239,191,0
5,1,322,939,1
1,1,54,965,1
13,1,163,558,0
9,0,104,971,1
9,0,229,646,0
15,1,111,144,0
3,1,365,153,1
22,0,303,861,0
22,0,356,527,1
11,1,214,911,1
5,0,302,575,0
2,0,44,38,0
2,1,153,637,0
20,0,152,464,0
5,1,232,293,1
9,1,86,200,0
7,0,348,587,1
1,1,362,917,1
14,0,126,782,1
3,0,366,368,1
22,0,28,936,1
13,1,162,847,1
5,0,271,308,0
11,1,56,304,0
21,0,330,694,1
6,1,130,494,0
14,0,362,15,0
16,1,66,4,1
17,1,31,418,1
1,0,209,260,0
19,1,156,555,0
20,1,262,911,0
12,0,217,128,0
17,0,65,225,0
7,1,320,631,0
18,1,317,367,1
16,0,48,434,0
14,0,21,270,0
6,0,80,78,1
21,1,339,492,0
11,1,379,978,1
9,1,74,731,0
11,0,347,62,0
15,0,189,19,0
4,0,222,27,0
8,1,376,734,0
15,0,247,84,1
12,0,1,940,1
18,1,327,302,1
10,0,68,159,1
4,1,370,920,1
17,0,205,636,0
2,0,164,652,0
5,1,30,820,0
18,1,234,837,0
19,1,358,482,1
0,1,102,991,1
3,0,206,314,0
0,0,108,347,0
18,0,45,780,0
2,1,274,21,0
19,0,150,694,1
2,1,61,173,0
0,1,356,551,0
1,0,314,469,1
23,0,16,55,1
6,0,369,127,1
23,0,223,487,0
19,1,245,65,0
10,1,139,20,0
16,0,394,429,1
6,1,124,797,1
17,0,260,535,1
11,1,122,573,1
19,1,42,613,0
13,1,224,315,1
10,1,394,20,0
23,1,101,492,1
21,0,176,735,0
17,1,372,169,0
0,0,337,458,1
20,0,284,291,1
5,0,76,676,1
20,0,365,769,1
16,1,349,8,0
8,0,269,687,0
13,1,362,596,1
1,0,351,919,1
1,0,22,608,1
9,1,52,173,1
10,0,9,175,1
22,1,351,900,0
6,0,380,95,1
2,1,269,25,0
0,1,298,525,1
12,1,355,635,1
1,1,235,419,1
1,0,313,724,1
14,1,367,199,1
9,1,56,106,1
15,1,136,820,0
11,0,310,853,0
10,1,177,718,1
3,0,248,714,1
0,0,67,108,0
18,1,144,182,0
2,1,106,347,0
15,1,285,497,0
12,1,399,307,1
4,0,254,959,0
20,1,339,823,0
21,1,66,156,1
6,1,74,985,1
14,0,172,716,0
11,0,310,922,0
1,1,306,433,0
13,1,400,122,1
19,0,8,600,0
22,1,83,273,0
1,1,105,362,0
3,0,257,106,0
17,0,101,924,0
0,1,82,481,0
11,1,131,879,0
23,0,395,316,0
6,1,321,545,1
6,0,76,57,1
11,1,181,91,1
14,1,41,396,0
19,0,145,407,1
8,0,53,168,1
13,1,295,239,1
17,0,177,803,0
19,0,22,538,0
10,0,138,318,0
5,0,61,833,0
3,1,190,46,1
10,1,33,536,1
3,1,296,894,1
9,1,92,568,0
17,0,376,85,0
5,0,115,48,1
22,0,228,399,0
4,0,161,919,0
6,0,347,938,0
4,0,358,237,0
9,1,381,93,1
1,1,146,5,1
5,1,169,330,1
13,1,193,650,1
9,1,223,551,0
6,0,170,382,1
9,1,78,683,1
0,0,167,33,0
13,0,175,318,0
9,1,389,883,0
18,1,316,563,1
21,1,61,280,1
17,1,18,768,0
17,1,136,262,0
2,1,122,701,1
21,0,385,983,1
5,0,179,215,0
2,1,322,900,0
17,0,285,31,0
4,0,199,381,0
8,1,297,97,1
3,1,255,975,1
4,0,131,459,1
3,1,307,78,0
15,1,399,383,0
22,1,44,234,0
12,1,169,964,0
15,1,104,115,1
7,1,338,120,0
10,0,356,484,0
2,1,73,970,1
8,1,234,458,1
2,1,359,829,0
11,0,12,407,1
15,1,183,338,1
15,1,296,664,1
23,1,373,874,1
10,0,92,5,0
1,0,114,141,1
12,0,42,314,1
20,1,167,535,0
20,0,338,566,0
3,1,90,568,0
8,0,118,569,0
14,1,294,794,0
5,1,164,552,0
19,1,345,680,1
14,1,186,784,0
1,0,265,35,1
23,1,312,387,1
8,1,81,36,0
18,0,305,652,1
9,0,195,95,1
17,1,101,825,0
18,0,64,673,0
8,1,360,616,1
1,0,352,908,0
23,0,268,790,0
4,0,284,322,0
1,0,300,456,0
3,1,282,740,1
13,1,234,381,1
20,0,117,601,0
10,1,108,718,1
8,0,323,485,1
13,1,339,658,0
0,0,272,521,0
9,0,235,286,1
18,1,221,630,1
17,0,356,965,1
2,0,28,394,0
15,1,378,996,1
14,0,267,221,1
15,0,377,891,1
0,0,122,552,0
5,1,139,781,1
5,1,384,548,1
1,1,305,793,0
14,1,187,841,1
6,1,26,377,1
0,0,181,387,1
11,0,386,975,1
15,0,323,571,1
22,1,364,918,1
10,0,178,623,0
3,1,390,306,0
23,1,176,971,1
9,0,98,680,1
2,0,315,607,1
13,1,316,731,1
2,1,175,152,0
15,0,332,634,1
5,1,26,97,0
11,1,319,504,0
22,0,251,657,1
4,0,88,849,0
15,1,302,631,1
8,1,206,166,1
6,1,242,8,0
3,0,12,884,0
7,1,340,851,0
16,0,364,554,0
0,1,186,188,0
22,1,354,929,0
6,0,274,212,1
12,0,77,570,1
18,1,240,731,0
7,1,307,466,0
1,1,375,485,1
2,1,47,767,0
7,0,181,67,1
1,1,62,877,0
3,1,188,502,1
8,0,100,750,1
8,0,20,378,1
5,0,187,631,0
14,0,368,403,1
5,0,162,511,1
15,0,240,834,1
23,0,382,27,1
2,0,225,754,1
4,1,266,438,1
23,1,370,342,1
4,1,400,850,0
12,1,178,12,1
21,1,170,999,0
22,0,182,171,0
15,1,172,585,0
20,0,214,399,1
6,1,383,440,0
4,1,342,180,1
23,0,6,182,0
7,0,47,145,0
14,1,113,200,0
19,1,242,562,0
13,0,302,459,1
23,0,10,553,1
23,0,276,923,0
0,1,175,677,0
5,0,205,409,1
2,1,344,363,1
6,1,354,865,1
14,1,215,53,1
0,1,125,712,0
13,1,126,813,0
1,0,332,242,0
2,0,50,580,0
23,0,289,440,0
0,0,278,649,0
20,0,66,885,0
15,0,262,263,0
12,0,300,760,1
7,0,200,284,0
11,0,176,624,1
19,0,66,999,0
23,0,339,240,0
13,0,333,991,0
1,0,362,168,0
7,1,101,396,0
0,0,107,683,0
11,0,77,459,0
3,0,157,561,1
21,1,37,704,0
22,1,259,763,1
11,0,197,426,0
20,0,20,735,0
13,0,191,369,1
2,1,267,823,1
20,1,396,581,0
20,0,81,339,0
7,0,327,445,0
19,1,89,909,1
23,0,365,121,1
10,1,11,862,0
20,1,360,265,0
8,1,91,7,1
4,0,313,935,0
6,0,102,346,1
7,1,338,156,1
9,0,150,359,0
5,1,74,658,1
17,0,351,978,1
15,0,63,613,0
20,1,80,753,0
2,1,259,16,1
13,1,80,662,1
11,0,168,112,0
23,0,86,116,0
3,1,327,679,1
18,1,33,683,0
0,0,53,443,1
9,0,367,329,1
13,1,97,109,1
15,0,192,940,1
4,0,385,902,1
16,0,65,627,0
0,1,165,352,1
15,1,282,599,0
6,1,189,445,0
19,1,338,133,1
5,1,299,330,0
22,1,269,515,0
7,0,243,73,0
13,1,43,437,1
19,0,160,945,1
0,0,218,884,0
23,1,324,37,1
22,1,273,770,0
2,0,156,845,0
22,1,142,865,1
5,0,101,21,0
16,0,96,821,0
3,1,224,788,1
15,1,97,522,1
2,1,327,826,1
22,1,145,831,0
10,1,126,951,1
16,0,202,236,1
20,0,164,760,1
6,0,365,828,1
10,1,247,49,1
23,0,285,893,0
20,0,345,889,0
4,0,354,378,0
20,1,147,332,1
22,1,303,199,0
0,0,116,507,0
21,0,294,132,0
9,1,345,562,1
4,1,13,334,1
19,0,168,353,1
4,1,85,539,0
4,1,206,991,1
17,1,273,941,1
5,1,120,542,0
9,0,201,451,1
9,1,340,676,0
21,0,99,246,0
1,0,270,738,0
5,1,363,44,1
16,0,79,273,0
18,1,397,797,1
17,1,218,638,0
16,1,319,367,1
4,0,116,672,0
15,1,43,262,1
1,0,244,321,1
14,1,85,38,1
15,0,392,602,1
2,1,194,824,1
1,1,132,459,0
2,0,123,124,0
17,1,218,900,0
22,1,122,887,0
5,1,4,399,0
8,0,83,489,0
3,1,316,461,0
4,0,397,268,1
19,1,227,462,1
3,1,177,787,1
18,1,15,48,0
13,0,147,485,1
3,1,168,593,0
15,0,209,385,0
14,0,251,675,1
23,1,81,609,0
11,1,305,448,0
18,1,49,191,1
15,0,19,695,1
0,1,380,673,1
17,1,248,695,0
15,1,298,374,1
22,1,334,65,1
3,0,213,99,0
10,1,18,52,0
20,0,25,59,0
11,0,150,942,1
2,0,323,902,0
22,0,3,725,1
13,0,167,590,1
5,1,97,906,0
2,0,4,29,1
12,1,2,769,0
10,1,54,525,0
15,1,45,457,1
20,1,216,287,0
16,0,45,727,1
14,0,350,885,1
19,1,255,891,1
1,1,205,366,1
8,1,89,288,0
20,1,119,107,0
22,0,245,83,0
16,1,282,701,0
18,0,188,719,0
8,1,155,918,1
15,1,68,880,1
11,1,216,818,1
4,1,189,83,0
7,1,299,275,1
10,0,80,576,1
6,0,222,467,0
19,1,321,570,1
13,0,332,479,1
21,0,229,628,1
8,0,29,315,1
21,1,395,139,1
20,0,89,991,0
21,1,73,959,0
12,1,103,839,0
12,0,270,566,1
14,0,180,481,0
5,0,237,359,1
20,1,76,428,0
1,0,335,753,1
15,0,330,829,1
16,1,22,508,0
19,0,183,40,0
18,0,319,55,0
21,0,384,63,1
20,0,10,842,0
0,1,111,88,1
7,1,100,882,1
6,0,334,509,1
2,1,262,273,1
7,1,24,157,1
5,0,288,451,1
14,1,258,536,1
23,0,373,880,0
21,0,172,393,1
16,1,125,800,1
13,0,166,852,1
21,0,54,304,0
19,1,189,488,0
10,0,262,236,1
18,0,254,514,1
6,0,140,742,0
16,1,309,884,1
7,1,118,553,0
21,0,281,55,0
13,0,367,378,1
2,1,306,704,0
10,1,384,194,1
1,0,187,788,0
18,0,382,651,1
5,0,177,297,0
12,1,80,310,1
1,1,389,882,1
14,0,275,199,0
14,1,15,809,0
15,1,222,233,0
16,1,167,448,1
7,1,153,795,1
0,0,371,413,0
14,1,327,345,1
14,1,386,885,0
2,1,128,937,0
18,1,385,873,1
13,0,125,311,1
3,1,319,314,1
12,0,350,628,0
3,0,341,383,0
20,0,354,286,1
3,0,321,418,0
17,1,157,846,1
9,0,112,437,1
7,0,133,74,1
21,0,37,645,0
16,1,114,630,0
16,1,140,697,1
12,0,381,672,0
2,1,398,779,1
9,0,388,533,0
8,1,166,216,0
0,0,230,304,1
22,1,239,747,1
4,1,156,505,1
7,1,219,272,0
15,1,340,729,0
21,0,280,56,0
10,1,77,145,1
8,0,143,478,1
2,0,258,224,1
22,0,56,993,1
5,1,324,153,0
2,0,201,204,1
0,0,79,450,0
5,0,161,641,1
6,0,51,254,0
16,0,98,820,0
17,0,236,587,0
6,1,225,238,0
3,0,269,992,0
19,1,334,783,1
1,1,40,145,1
10,0,85,980,1
3,1,284,475,0
0,0,207,474,0
16,0,108,701,0
2,1,314,860,0
20,1,119,728,0
15,1,336,650,0
21,1,43,97,0
12,1,301,44,1
8,1,377,22,1
23,0,196,155,1
1,0,80,746,0
10,1,116,722,1
6,0,244,446,1
19,0,396,779,1
8,1,152,560,1
11,0,263,86,1
10,1,308,579,1
13,1,366,949,0
0,0,153,251,0
22,1,105,641,0
0,0,342,664,0
13,1,58,326,0
15,1,141,822,0
10,1,225,806,0
12,1,205,62,1
19,0,38,430,0
19,0,112,535,0
7,0,125,127,0
20,1,25,836,1
13,0,207,889,1
9,0,236,643,0
4,1,167,663,1
4,1,162,181,1
0,1,97,889,1
2,1,192,626,1
16,1,44,24,0
10,1,140,821,0
8,0,137,549,0
13,0,209,65,0
16,0,5,664,1
9,0,95,529,0
22,0,39,298,1
21,1,367,651,0
12,1,314,294,0
3,1,194,48,1
19,1,73,281,0
10,0,352,817,0
10,1,55,69,0
1,1,149,454,1
5,1,53,637,1
19,0,326,34,0
1,0,226,802,0
2,1,206,278,1
7,0,223,47,1
22,0,369,838,1
3,1,102,199,0
22,1,255,636,1
13,1,223,448,1
2,0,249,673,1
16,1,379,413,0
8,1,91,981,0
4,1,256,337,0
2,0,14,834,1
4,1,38,539,1
7,0,360,306,1
2,0,272,703,1
5,0,205,605,1
20,0,256,92,0
1,1,354,16,0
8,1,4,515,1
8,1,275,887,0
16,1,91,264,0
0,1,393,23,0
16,1,302,463,0
18,0,255,605,0
10,0,71,861,1
12,0,78,495,1
5,0,185,661,0
20,0,86,351,0
19,0,116,128,1
8,0,116,691,0
4,0,144,590,1
0,1,394,263,0
10,0,41,573,1
13,1,208,84,1
13,0,10,781,1
1,1,119,835,1
4,0,203,678,1
7,1,81,422,0
9,1,2,834,1
4,0,41,544,1
23,0,167,649,0
13,1,47,655,1
21,0,146,852,0
2,1,170,668,0
13,1,215,577,0
13,1,219,24,1
22,0,58,587,0
5,1,377,956,1
0,1,289,185,0
12,0,126,967,0
0,1,275,722,1
16,0,38,840,0
17,0,53,91,0
4,1,93,454,0
12,0,201,566,1
20,1,103,148,1
16,1,179,994,0
1,1,219,964,0
11,0,63,351,0
11,0,283,556,0
18,0,54,216,1
8,0,280,223,0
2,0,106,3,0
16,1,245,119,1
18,1,364,120,1
14,0,39,513,1
19,1,97,434,0
3,1,189,316,0
3,1,331,845,1
1,1,234,657,0
14,0,186,561,1
20,0,266,402,0
15,1,214,787,0
0,0,46,608,0
6,1,380,311,0
20,0,241,368,0
1,1,73,895,0
18,1,240,46,0
18,0,327,165,0
2,0,309,516,0
20,0,161,637,1
13,1,33,191,1
6,0,185,747,0
15,0,27,940,1
21,1,393,371,1
11,0,279,121,0
20,0,377,758,1
0,0,126,615,1
18,1,8,473,0
10,0,362,746,0
15,1,142,624,0
8,1,217,519,0
15,0,3,53,1
3,1,270,98,1
20,0,351,518,1
14,1,70,274,1
1,1,62,97,0
2,1,76,550,0
10,0,260,554,1
11,0,146,891,0
20,0,82,669,0
18,1,226,547,0
20,0,389,301,1
14,1,130,948,1
12,0,233,101,1
8,1,81,224,0
11,1,370,129,1
9,1,190,538,0
23,0,253,889,1
8,0,241,820,0
0,0,76,980,1
13,1,183,959,1
10,1,172,346,1
15,1,321,347,0
0,0,73,516,1
23,0,63,478,0
7,1,63,22,1
20,1,139,732,0
5,1,356,965,0
4,1,306,704,1
1,0,103,656,1
11,1,62,303,1
15,1,132,284,0
22,1,395,122,1
18,1,50,835,0
3,0,98,700,0
18,1,237,681,1
8,1,126,947,0
8,0,76,891,0
0,1,152,912,0
9,1,146,118,0
3,1,79,77,0
13,0,208,568,1
5,1,283,644,0
10,1,192,172,1
18,1,123,946,0
16,1,218,649,0
5,0,258,368,0
14,0,221,362,0
9,1,388,491,0
1,0,99,588,0
0,1,259,404,1
23,1,375,554,1
11,1,378,606,0
11,0,306,412,1
12,0,297,889,1
11,1,359,367,0
4,0,80,280,0
23,1,262,426,1
12,0,380,316,1
4,0,335,530,1
0,0,274,757,0
14,1,323,295,0
10,1,109,260,0
22,0,115,415,0
9,0,189,618,0
17,0,89,708,0
3,0,175,791,1
3,0,205,115,1
10,1,135,418,0
4,1,296,969,1
5,0,325,800,0
16,1,92,151,0
12,0,369,889,0
21,0,371,70,0
22,0,176,15,0
14,0,180,376,1
23,0,280,798,1
10,0,57,335,1
5,1,158,728,0
16,0,264,316,0
10,0,31,420,1
3,0,97,79,0
2,1,214,704,0
18,0,81,530,0
20,1,337,813,0
6,1,184,175,0
7,0,91,597,1
6,1,101,226,1
20,0,91,826,0
7,1,361,417,1
6,0,42,574,0
21,0,208,349,0
20,0,328,677,0
5,1,363,577,0
17,0,330,599,0
4,0,251,627,1
15,0,172,164,0
5,0,195,783,0
9,1,252,540,0
21,1,288,158,0
5,1,254,124,1
22,1,333,818,1
12,0,298,203,1
15,0,38,218,0
13,0,128,722,1
20,0,245,497,0
11,0,121,604,1
3,0,227,217,1
13,1,322,471,0
22,0,90,932,0
20,0,155,203,1
19,0,211,808,1
22,1,88,114,0
2,1,366,971,0
22,1,221,95,1
4,1,261,968,0
18,0,56,694,0
14,1,213,763,1
16,0,239,765,0
9,1,199,863,1
4,0,146,183,0
21,1,170,862,0
7,0,247,652,1
21,1,300,829,0
2,1,283,353,0
5,0,246,316,1
10,0,179,446,0
16,1,224,377,0
22,1,249,210,1
12,0,141,191,0
8,1,277,196,0
0,1,125,811,0
8,0,5,741,0
19,1,26,69,1
19,0,347,521,0
20,0,271,501,0
17,1,319,204,1
20,0,223,358,1
22,0,72,613,0
11,1,96,331,0
18,1,301,65,0
7,1,39,837,0
6,1,111,481,0
14,1,83,730,1
6,1,302,855,1
11,0,132,16,0
11,1,119,31,1
10,1,278,444,0
22,0,73,424,1
7,0,369,181,0
3,1,354,833,0
10,0,46,555,0
5,1,112,487,1
15,0,112,577,1
0,1,199,156,0
17,1,384,269,0
23,1,261,304,1
19,1,333,743,0
22,1,248,147,0
21,0,104,586,1
22,1,334,28,0
23,0,374,893,1
0,1,105,976,1
16,0,191,983,0
14,1,38,633,0
7,1,248,71,0
18,0,330,820,1
9,0,200,112,0
10,0,82,962,1
12,0,141,766,1
23,0,386,617,1
5,0,264,404,1
23,0,258,117,0
8,0,90,516,1
13,1,292,842,0
20,0,276,636,1
19,0,42,464,0
22,0,196,330,1
5,0,343,496,1
13,0,245,332,1
7,0,339,788,1
10,1,95,465,1
3,0,14,310,0
23,1,47,302,0
6,0,158,242,0
18,0,108,836,0
0,0,4,586,1
20,1,268,175,1
12,1,328,989,0
8,0,236,281,0
6,1,242,755,0
9,0,150,715,1
16,1,337,191,1
15,1,90,897,0
16,0,347,964,1
11,0,152,199,0
23,1,46,543,0
11,0,10,200,0
4,0,119,908,0
18,1,286,264,1
9,1,221,872,1
8,1,297,495,1
4,1,363,768,0
3,1,213,688,1
15,0,18,159,0
11,1,387,30,1
8,1,176,507,0
2,1,277,60,0
18,1,63,549,1
4,0,296,472,0
5,1,232,590,1
3,0,44,469,1
13,1,138,540,0
17,0,226,40,0
4,0,259,223,0
19,1,247,8,1
21,1,175,467,0
12,0,150,671,0
7,0,296,423,0
3,0,38,916,0
18,1,99,227,0
16,1,248,18,1
15,0,193,367,0
4,1,3,172,1
8,0,157,673,0
5,0,175,27,1
8,1,100,999,0
1,0,88,545,0
19,0,289,642,1
17,0,297,464,0
9,1,254,130,1
16,0,367,10,1
10,0,282,734,1
18,1,347,731,1
19,1,306,458,1
7,1,1,700,1
2,0,100,328,1
4,1,163,754,1
4,1,336,832,0
23,1,311,627,0
7,1,96,567,1
15,1,165,159,1
15,0,71,723,1
17,1,399,371,0
12,1,362,855,0
20,0,74,382,1
17,1,233,972,1
8,0,86,155,0
18,0,308,260,0
14,0,138,864,1
2,0,9,347,1
21,1,3,43,1
5,0,14,79,0
3,0,194,279,0
11,0,159,417,1
15,0,298,974,1
5,1,187,637,0
0,0,343,770,0
19,1,30,250,1
7,0,100,1000,0
2,1,355,680,1
3,1,339,139,1
17,0,50,254,1
20,1,338,372,0
17,1,56,228,1
2,0,157,656,1
2,1,296,998,1
19,1,146,51,1
20,1,292,819,1
23,1,328,537,1
8,0,347,348,0
14,1,176,637,1
17,0,22,946,0
18,0,306,954,0
11,1,126,831,1
4,0,16,958,1
22,1,124,864,0
14,1,252,235,0
13,1,85,845,1
20,0,98,213,0
10,1,231,906,0
23,1,52,395,1
0,1,144,190,1
20,1,153,108,0
14,0,254,96,0
18,0,3,909,0
16,1,141,866,0
22,0,311,761,0
11,0,122,559,1
18,0,28,462,0
4,0,312,539,0
19,0,86,329,0
15,0,154,258,0
5,1,240,754,1
1,1,24,489,0
0,1,398,896,1
9,1,252,113,1
18,0,20,509,1
21,0,223,334,0
11,1,306,358,0
0,1,110,31,1
8,1,152,109,0
6,0,114,715,1
2,1,266,644,1
16,0,207,953,0
23,1,374,956,1
4,0,398,755,1
17,0,188,896,0
8,1,273,922,1
3,1,210,809,0
22,0,336,870,0
9,0,287,126,1
8,0,232,389,1
17,0,26,561,1
23,0,195,241,0
2,1,294,47,0
19,1,368,832,1
6,1,318,872,0
16,0,207,852,0
3,0,88,695,0
23,1,247,426,0
3,0,161,784,0
4,1,74,997,0
19,0,8,768,1
3,1,48,821,1
16,0,337,485,0
8,1,277,229,0
0,0,60,352,0
4,0,85,45,1
19,1,99,657,1
10,1,144,785,0
14,0,167,178,0
10,1,91,16,1
9,0,221,435,1
23,0,142,879,0
16,0,234,225,1
5,0,318,539,1
21,0,218,87,0
14,0,39,927,1
2,0,35,948,0
9,0,145,576,1
11,1,238,721,0
20,1,222,1000,1
1,0,131,746,1
16,1,99,974,0
8,1,201,54,0
23,1,180,106,1
2,1,265,643,0
23,1,359,829,1
23,0,297,268,0
6,0,221,349,1
4,0,54,686,1
17,0,296,579,0
2,0,320,645,0
18,0,355,322,1
9,1,168,324,1
2,1,86,598,1
3,0,319,565,0
21,1,16,754,1
17,1,233,391,1
6,1,332,588,0
10,1,229,571,0
11,1,316,178,1
14,1,248,393,0
16,1,56,804,1
16,1,25,164,1
5,1,351,871,0
0,1,131,901,1
13,0,391,650,1
4,1,342,689,1
12,1,343,333,0
19,1,387,699,0
16,0,369,600,1
20,0,326,541,1
18,1,381,786,1
21,0,38,13,1
0,1,227,483,1
4,1,347,662,0
3,1,352,19,1
9,1,8,121,1
7,0,241,497,0
16,0,386,914,0
11,0,356,663,1
14,0,360,243,0
4,0,207,887,0
18,1,2,933,0
8,0,129,595,1
0,1,135,181,1
13,0,343,335,1
17,0,136,631,0
10,1,63,631,0
23,0,399,967,0
12,1,14,973,0
17,0,232,221,1
18,0,185,580,1
3,1,382,919,1
10,1,196,612,0
17,0,187,535,0
15,1,34,350,1
16,0,383,390,0
5,1,36,472,1
8,0,166,767,0
14,0,358,565,0
22,0,368,580,1
1,1,67,433,0
16,0,150,477,0
17,1,74,594,0
4,1,77,645,0
9,0,399,196,1
17,0,180,780,0
0,0,181,344,0
15,1,86,296,1
14,1,278,396,1
21,0,58,54,1
21,1,268,248,1
3,0,348,550,1
16,0,261,234,0
9,0,53,162,1
21,0,362,872,0
13,1,244,839,0
10,0,320,639,0
16,1,116,175,1
16,0,386,829,0
10,1,289,296,0
15,0,310,716,0
11,1,263,492,0
7,0,250,183,0
12,1,177,305,0
16,0,23,590,0
2,0,283,661,1
10,0,56,482,0
20,0,352,824,1
15,1,6,465,0
23,0,6,48,0
22,1,381,518,0
12,0,83,565,0
3,0,194,156,0
15,0,141,837,1
2,0,57,991,1
1,1,4,458,0
22,1,61,353,1
13,1,356,984,1
9,0,20,916,1
13,0,359,32,0
10,1,121,261,0
0,1,182,678,0
8,0,254,350,0
3,0,174,405,1
1,1,222,891,0
17,0,200,437,1
22,0,87,490,0
10,1,77,174,0
20,1,270,971,0
9,1,141,475,1
8,1,177,721,1
21,1,360,404,1
5,0,267,539,0
4,1,79,605,0
11,1,171,536,0
18,0,60,548,0
13,0,122,803,0
9,0,387,654,1
17,1,22,106,1
5,0,269,524,1
20,0,219,264,1
5,0,133,497,0
19,0,384,439,0
8,0,338,60,0
6,1,324,683,0
0,0,162,626,1
4,0,236,251,1
0,1,157,837,1
20,0,61,171,0
17,1,333,571,0
8,1,64,203,1
8,1,104,930,1
9,0,110,743,0
12,0,22,286,0
7,0,351,810,1
6,1,14,246,1
9,0,64,890,0
22,1,238,313,1
0,0,386,360,0
1,0,290,503,0
2,0,166,516,0
9,0,187,330,0
17,0,328,995,1
22,1,393,746,1
14,1,99,220,1
3,0,333,596,0
7,1,278,34,0
18,1,378,654,0
7,0,148,589,0
0,0,297,73,0
22,0,373,612,0
16,1,180,156,0
16,1,264,372,0
7,0,31,628,1
19,1,117,69,0
3,1,234,353,1
15,0,303,544,0
2,0,57,790,0
4,0,343,257,1
21,1,232,956,1
0,1,364,831,0
11,1,199,907,0
15,0,284,188,0
12,1,279,812,0
0,0,47,793,1
15,1,329,145,0
15,0,157,668,1
3,0,53,994,0
2,1,46,398,1
19,0,26,764,1
0,0,134,813,0
21,0,375,20,0
9,0,295,274,0
9,1,35,424,0
10,1,127,615,1
8,1,20,659,0
0,1,367,202,0
0,1,30,876,0
22,1,234,149,1
5,0,207,81,1
11,1,339,578,0
4,0,374,156,1
16,0,102,341,1
1,1,126,799,1
0,0,188,644,1
11,1,124,989,0
15,0,60,487,1
22,1,96,56,0
12,1,340,764,1
11,0,156,853,1
22,1,368,117,0
21,0,228,616,0
8,0,196,902,0
17,1,351,922,0
22,1,92,402,1
20,1,328,49,0
23,1,386,36,1
8,1,11,222,1
0,0,277,146,1
10,1,180,271,1
3,1,243,5,1
20,0,7,20,1
14,1,202,358,1
11,1,295,79,0
22,1,259,571,1
20,0,118,121,0
15,1,356,951,1
16,0,281,55,1
9,1,5,467,1
15,1,97,232,1
1,0,387,750,0
7,0,46,58,1
4,1,255,390,1
5,0,175,251,0
20,0,20,985,1
13,1,248,88,0
9,1,89,942,0
10,1,54,418,0
14,0,314,1000,0
9,1,363,974,0
23,1,294,820,0
19,0,333,225,0
4,1,46,137,1
6,1,202,71,0
20,1,355,130,1
14,0,194,101,1
4,1,242,765,0
10,1,382,387,1
7,0,123,142,1
10,0,205,79,0
0,1,84,681,1
4,0,263,988,1
12,1,79,815,0
5,1,354,564,1
2,0,343,607,1
8,1,161,756,1
14,1,251,537,1
14,0,299,941,1
13,1,12,224,0
16,1,326,63,1
13,0,311,746,0
6,1,215,882,0
2,0,249,11,0
6,0,285,179,1
9,1,163,33,1
9,1,35,688,0
16,0,364,89,0
2,0,398,109,1
2,0,370,155,1
2,1,77,144,1
10,1,279,374,1
23,0,7,65,1
8,0,231,354,0
22,1,280,508,1
7,1,147,538,0
14,0,344,463,0
6,0,122,778,1
18,1,104,656,0
21,1,178,71,1
16,0,323,750,0
23,0,231,250,1
9,1,85,150,0
11,0,122,702,0
12,0,125,222,1
20,0,100,92,1
15,0,237,627,0
0,1,300,20,0
16,1,155,105,0
14,1,140,339,0
10,0,8,903,1
8,1,92,210,0
20,0,8,979,1
0,0,210,686,1
2,0,197,698,0
16,1,266,652,0
10,0,143,168,0
19,1,225,654,1
19,1,14,866,0
20,0,156,671,0
0,0,69,626,1
9,0,369,486,0
2,0,6,871,1
20,0,221,746,0
14,1,254,86,1
9,1,127,304,1
9,0,187,153,0
11,0,256,843,1
21,0,259,132,1
3,1,76,612,1
23,0,396,401,0
22,0,284,201,1
13,1,140,880,1
21,1,96,933,1
3,1,342,506,0
16,1,50,211,0
0,1,169,695,0
18,0,151,277,1
15,0,220,894,1
23,0,383,352,0
13,0,381,19,1
5,1,10,160,0
2,1,172,281,1
14,0,4,881,0
14,0,90,874,1
4,1,356,779,1
4,1,87,886,1
18,1,46,287,1
17,0,194,212,0
21,0,341,317,0
8,0,176,126,0
23,1,256,193,0
13,1,116,19,1
14,1,325,681,0
7,1,248,72,1
17,0,42,643,0
1,0,313,926,0
20,0,217,270,0
10,1,75,225,1
13,0,104,380,1
7,0,100,107,1
7,0,339,168,0
6,1,105,158,1
6,1,294,569,1
6,0,52,425,1
22,0,388,105,1
7,1,135,403,0
16,0,151,771,0
15,1,185,822,1
14,1,192,769,1
20,1,179,793,1
19,0,388,375,0
19,1,162,780,0
23,0,11,258,1
16,1,382,70,1
20,1,195,516,1
13,0,354,698,0
1,1,115,356,1
15,0,103,585,1
8,0,241,506,1
21,1,85,875,1
3,1,9,16,1
10,0,92,470,1
2,0,79,432,0
19,0,57,457,1
8,0,192,160,1
7,0,312,670,0
13,0,235,743,1
21,0,141,385,1
2,1,400,843,1
14,0,206,203,1
15,0,178,976,0
10,0,44,183,0
12,0,204,121,1
10,0,78,557,0
3,0,385,561,0
14,0,119,260,0
0,0,125,872,0
13,0,85,568,1
20,1,173,191,1
3,0,156,738,1
0,0,106,519,1
14,1,54,321,0
9,1,66,292,0
3,1,98,181,1
11,0,172,176,1
18,0,357,640,0
22,0,187,73,0
18,1,284,185,1
5,0,257,757,0
8,1,36,11,1
4,0,364,336,1
8,0,177,526,0
13,1,82,408,0
18,0,262,889,0
13,0,361,849,1
15,1,117,194,1
20,1,161,180,0
6,0,344,645,1
20,1,319,479,0
11,1,287,37,0
18,0,369,294,0
1,1,319,514,1
15,1,215,593,0
22,0,123,62,1
11,0,1,974,0
16,0,352,935,1
10,1,133,739,1
13,1,262,507,1
3,1,372,747,0
10,0,175,923,0
4,1,138,612,1
7,0,283,461,0
7,1,267,382,1
18,0,268,120,1
16,0,133,40,0
22,0,373,108,0
7,1,97,192,1
3,0,29,68,1
10,0,188,791,0
7,0,296,450,0
5,1,17,639,0
17,1,114,651,1
21,1,388,401,1
3,1,80,128,1
14,0,158,726,0
21,0,104,348,1
16,0,323,515,0
10,0,347,828,0
1,0,39,261,1
23,1,215,839,1
23,0,84,91,0
12,0,116,445,0
1,1,59,710,1
0,0,204,45,1
11,0,351,516,0
17,1,152,757,1
16,1,48,360,0
19,1,127,816,0
14,1,5,219,0
2,0,246,520,0
12,1,332,816,0
0,1,176,530,1
9,0,197,543,0
16,1,124,409,0
20,1,348,431,1
2,1,22,34,0
21,1,32,821,0
2,1,217,859,1
6,1,371,561,0
12,1,192,760,0
7,0,9,311,1
8,0,176,732,0
3,0,308,461,0
1,0,102,647,0
20,1,343,89,0
6,0,239,314,0
22,1,199,923,0
8,0,248,840,0
10,1,192,597,1
16,1,298,822,0
12,0,313,83,1
17,0,39,227,0
7,1,293,449,1
13,0,109,737,1
12,0,159,981,0
2,0,279,219,0
21,1,132,854,1
5,0,228,177,0
12,0,257,514,0
7,0,340,195,0
17,1,2,134,0
2,1,235,553,0
11,0,163,668,0
3,0,377,539,1
22,1,209,328,1
21,1,311,898,1
23,1,205,558,0
23,0,277,680,1
15,0,53,868,0
0,1,53,918,1
10,1,358,603,0
1,1,94,84,1
15,1,110,924,0
15,0,368,141,0
1,1,194,530,0
10,0,340,994,0
19,1,183,911,1
19,0,359,101,0
3,1,96,407,1
23,0,35,491,0
2,0,315,870,1
7,0,278,711,0
5,0,63,231,0
22,1,140,493,0
2,0,125,748,0
13,0,233,757,1
3,0,390,267,1
7,1,329,199,0
6,1,348,270,0
4,1,155,563,0
17,1,162,483,1
9,1,392,665,0
1,1,258,931,1
11,1,5,208,1
6,0,314,335,1
6,1,258,254,0
20,1,173,600,0
15,0,226,170,1
2,0,160,48,0
16,0,388,820,1
18,1,194,342,0
20,0,196,843,0
5,1,256,932,0
19,0,129,814,1
20,0,95,667,1
15,1,327,149,0
9,0,130,650,0
14,1,100,209,1
9,0,283,391,1
10,0,123,803,1
15,1,380,127,1
12,0,3,713,1
23,1,244,339,0
9,1,157,177,1
21,1,234,455,0
23,1,329,936,0
21,0,177,260,1
23,1,396,68,1
14,0,153,12,1
20,0,169,876,0
0,0,72,971,0
0,0,173,777,1
17,1,274,690,0
10,0,242,136,0
6,1,333,689,0
0,1,107,847,0
2,0,48,689,1
3,1,364,315,0
12,0,218,61,1
5,0,170,69,0
18,0,6,997,0
13,1,99,817,1
9,1,64,551,1
2,0,172,281,1
10,1,318,916,0
8,1,300,197,0
11,1,282,19,0
0,0,349,12,1
5,0,340,201,0
9,1,348,387,0
16,0,203,56,1
18,1,29,818,0
15,0,147,141,1
11,1,165,226,1
14,0,115,655,0
6,1,382,207,1
2,1,265,732,0
13,0,267,937,0
20,1,338,471,1
5,0,160,454,0
0,0,12,237,0
12,0,188,927,1
7,0,54,585,0
15,1,311,27,1
0,1,279,558,0
12,0,31,595,1
1,1,289,103,0
13,1,280,324,0
10,1,348,814,0
21,0,343,499,0
5,0,173,148,1
12,1,151,75,0
3,1,113,257,1
5,0,136,795,0
18,0,365,545,1
10,0,319,449,1
20,1,269,605,1
7,1,249,200,0
20,0,281,776,0
12,1,99,930,1
0,1,134,28,0
18,0,20,197,1
16,1,32,682,1
1,0,379,507,0
19,0,21,819,0
19,1,262,761,1
14,1,94,115,1
7,0,259,556,1
16,1,369,737,1
20,0,261,301,0
8,0,113,507,0
22,1,10,1000,0
22,1,370,802,0
18,1,262,649,0
7,1,75,958,1
23,0,204,77,1
21,0,324,995,1
15,0,161,623,0
17,0,164,722,0
4,1,391,183,1
6,0,82,547,1
19,0,19,106,1
12,0,103,856,0
23,0,70,624,1
14,0,36,684,0
6,1,222,122,1
4,0,272,146,0
23,1,251,677,0
3,1,316,121,0
11,1,41,586,1
15,1,229,507,1
23,1,18,849,1
22,1,152,426,1
3,1,110,796,1
20,1,75,88,1
6,1,320,43,1
14,0,231,600,1
18,1,338,551,0
2,1,262,468,0
18,0,371,218,0
14,0,117,8,1
9,0,51,773,0
2,1,260,355,1
21,1,312,834,1
1,1,355,329,0
1,0,200,446,0
23,1,331,375,0
3,1,13,361,1
18,1,236,808,0
8,1,181,832,1
4,1,61,441,1
20,1,135,994,0
10,1,354,199,1
4,1,248,133,1
2,0,72,137,0
17,0,149,774,0
12,0,137,413,0
6,0,206,429,1
6,0,315,260,1
20,1,343,685,1
14,0,100,984,1
4,0,390,154,1
16,1,51,4,0
7,0,91,515,0
0,0,342,728,0
18,1,271,584,0
17,0,314,715,0
5,1,149,464,1
7,0,295,833,0
14,0,41,194,1
2,1,268,715,0
21,0,395,446,0
8,0,238,4,1
12,0,23,811,1
1,1,27,25,0
11,1,173,348,1
11,1,220,295,0
7,1,182,513,0
9,0,33,649,1
9,0,351,970,0
5,0,21,447,0
18,0,129,346,1
8,0,344,169,0
7,0,200,373,1
14,0,177,243,1
18,0,354,262,0
15,1,110,38,1
17,1,181,120,1
0,1,239,549,0
12,0,213,57,0
5,1,318,227,0
20,1,179,264,0
6,0,157,366,0
22,1,221,732,1
11,1,365,885,1
1,1,65,906,0
8,0,351,408,1
18,0,6,218,0
16,0,178,986,0
7,1,218,198,0
12,0,398,289,0
17,1,80,807,1
15,0,124,822,0
22,0,374,951,0
13,0,58,552,0
7,1,1,98,0
5,0,101,834,0
10,0,362,266,0
10,1,382,981,0
20,1,169,564,0
20,0,400,867,0
20,0,245,39,1
3,0,103,24,1
10,1,304,138,0
13,1,143,504,1
1,1,141,752,1
0,1,395,322,0
4,1,106,81,1
3,1,235,874,1
7,0,104,698,0
19,1,279,188,1
14,0,159,925,1
23,0,45,801,0
14,1,44,63,0
23,1,317,84,0
15,1,1,369,1
1,1,393,532,0
4,1,70,619,1
16,0,104,523,0
11,0,395,101,0
11,1,14,36,1
5,0,337,544,0
3,0,227,294,0
6,1,44,289,0
18,0,280,492,1
2,1,387,556,0
19,1,251,831,1
1,1,105,382,1
4,0,200,501,1
23,0,21,649,1
18,0,372,795,0
22,1,42,600,0
16,1,385,415,0
0,1,136,671,1
22,0,392,664,0
4,0,100,277,0
23,0,79,731,1
12,0,128,214,1
10,0,99,867,0
9,1,173,297,0
7,1,111,583,1
12,1,400,370,0
12,1,170,335,1
14,0,391,88,0
17,1,122,433,0
9,1,182,295,1
0,0,1,987,1
7,1,285,385,1
20,0,97,258,0
22,0,44,328,0
3,0,209,115,1
6,1,62,405,1
16,0,85,452,1
7,0,313,725,1
9,0,190,362,1
1,0,9,639,0
8,0,250,771,0
8,0,110,210,0
11,0,281,857,1
18,0,175,939,0
5,0,122,795,1
3,0,12,256,0
7,1,71,264,1
2,0,381,216,1
11,0,310,340,0
19,0,166,153,1
7,0,238,818,1
10,1,369,933,0
12,0,19,611,1
9,1,243,757,0
5,1,125,672,0
12,1,333,79,1
7,1,96,804,1
0,1,320,278,0
2,1,124,870,1
3,0,349,85,1
17,0,156,972,1
22,0,388,182,1
7,1,5,958,1
20,0,95,343,0
2,0,255,992,0
20,1,243,428,0
16,1,54,400,0
22,0,355,75,1
19,1,229,837,1
0,1,90,200,0
19,0,167,322,1
15,0,47,979,1
12,0,393,219,0
11,1,240,33,0
12,0,370,60,0
0,1,218,109,0
11,1,223,895,0
23,0,290,539,1
4,0,237,164,1
3,0,352,989,0
3,0,5,272,0
21,1,331,787,1
4,1,275,93,1
7,0,126,347,0
6,1,379,332,0
15,1,117,381,1
16,0,394,905,1
23,0,69,569,1
20,1,151,905,1
13,0,369,107,1
12,1,231,85,0
1,0,131,505,1
4,1,27,103,0
16,1,36,794,1
7,0,276,602,1
4,1,102,87,1
20,0,47,466,1
6,1,199,364,0
19,0,260,769,1
12,0,242,180,0
21,1,266,306,0
1,1,235,986,0
0,0,160,937,1
7,0,56,276,0
9,1,279,802,0
8,0,210,817,0
2,0,192,986,1
7,1,65,332,0
6,0,264,158,1
7,0,31,802,0
22,0,273,337,0
23,1,223,483,1
10,1,80,161,0
0,0,361,160,0
23,0,293,97,1
15,0,77,630,0
21,1,29,380,0
6,0,25,837,0
15,0,25,597,0
9,0,90,55,0
10,0,191,647,1
7,0,204,53,1
16,0,318,514,0
2,1,151,935,0
12,0,381,504,0
2,0,165,239,1
6,1,93,76,0
16,0,63,667,0
18,1,109,982,1
22,1,366,341,0
18,1,307,417,0
1,0,160,117,0
15,1,328,206,1
22,0,240,774,0
3,0,189,203,1
11,1,63,786,0
10,0,105,506,1
11,1,213,153,0
16,0,19,201,1
5,1,103,627,0
14,1,47,776,0
6,1,208,604,1
0,0,195,822,1
5,0,299,462,0
16,0,174,215,0
18,0,190,739,0
16,1,289,807,1
14,0,288,821,0
12,1,213,217,0
1,1,379,669,0
12,0,84,215,1
1,0,291,322,0
10,0,370,875,0
23,0,272,373,0
13,0,87,322,1
2,1,246,671,0
6,1,178,577,1
3,1,367,60,1
17,1,253,162,1
1,0,101,909,1
22,1,126,518,0
2,0,261,957,1
17,1,320,740,0
16,1,262,968,1
3,0,128,844,1
3,0,259,469,1
19,0,236,112,0
6,1,275,780,1
19,0,357,237,0
14,1,200,283,1
11,1,58,116,0
4,1,157,170,0
19,0,122,172,1
4,0,84,413,1
3,1,315,153,0
4,0,141,469,0
6,1,261,372,0
21,1,199,338,0
18,0,272,974,1
16,1,279,100,1
12,0,29,239,0
22,1,343,823,1
13,1,119,655,0
8,0,204,378,0
14,0,48,767,1
6,1,314,308,0
11,0,356,748,1
6,0,287,106,0
22,0,169,556,0
10,0,139,640,0
4,0,327,199,0
11,0,75,772,1
19,0,182,266,0
0,0,301,336,0
2,0,138,621,1
7,1,41,157,0
19,0,71,523,1
11,1,373,732,0
19,0,87,43,1
7,0,307,76,0
8,0,162,765,1
23,1,159,681,1
17,1,53,447,0
5,0,202,687,0
1,1,220,875,0
22,1,4,502,0
0,0,399,312,1
18,0,262,620,1
6,0,261,369,1
7,1,62,969,0
13,0,253,7,1
18,1,242,672,1
7,1,56,588,0
1,0,158,64,1
6,1,216,398,0
14,0,87,292,1
20,0,77,750,1
3,0,258,794,0
0,0,85,333,1
0,1,37,182,0
16,1,52,589,1
1,1,393,545,1
1,1,4,128,0
18,1,211,862,1
8,1,336,971,0
21,1,54,104,0
3,1,154,73,1
22,1,146,609,1
5,0,72,473,1
9,0,114,973,0
8,1,209,703,1
18,1,253,957,0
13,1,180,166,1
2,1,360,770,1
13,0,345,460,1
4,1,90,116,0
7,1,220,814,1
22,1,101,174,0
20,0,173,455,1
4,0,315,692,1
0,0,396,543,0
20,0,33,981,1
0,0,165,231,1
5,1,174,410,1
11,0,86,32,0
5,1,18,519,1
12,0,146,848,0
22,1,45,756,0
18,0,316,954,0
14,0,168,502,0
19,0,263,596,1
5,1,359,161,1
20,1,282,475,0
5,0,228,758,1
16,0,149,157,0
16,1,373,796,0
18,0,223,329,0
3,0,258,526,0
22,1,318,170,1
20,0,326,224,1
10,0,246,87,0
12,1,197,287,0
12,1,218,77,1
20,1,210,929,1
3,1,35,170,0
0,1,197,883,0
13,0,5,493,0
9,1,327,514,0
13,0,346,821,1
22,1,230,975,0
10,0,183,599,0
18,1,394,670,0
14,0,14,519,1
20,1,258,155,1
14,0,159,395,1
13,1,322,292,0
21,1,345,722,0
5,1,148,110,1
14,1,181,696,1
19,1,85,158,1
12,0,192,678,0
23,0,169,416,1
13,0,176,702,1
12,0,26,413,1
18,0,262,761,1
17,1,227,450,0
9,1,64,166,1
0,0,275,974,0
1,1,253,988,1
0,0,234,766,1
12,1,201,996,1
14,0,269,834,1
10,0,122,879,0
14,1,331,566,0
22,1,293,325,1
13,1,158,55,1
17,0,352,947,1
23,0,341,129,0
10,1,231,265,0
17,1,172,398,1
2,1,385,659,1
17,0,328,887,0
21,0,343,109,0
12,0,374,394,0
18,1,366,688,1
23,0,259,460,0
4,1,68,117,1
12,1,196,3,1
20,1,119,812,0
17,0,98,324,1
18,0,326,135,0
10,1,100,6,1
15,1,117,868,1
12,1,21,904,0
23,0,225,761,0
1,1,47,87,1
20,1,267,723,1
1,1,86,471,0
2,0,200,496,1
6,1,253,810,0
15,0,305,648,0
5,0,46,607,1
3,1,314,287,0
19,0,348,807,0
18,0,106,308,0
1,0,112,347,1
15,0,172,367,0
15,1,66,735,0
9,1,319,802,1
7,1,290,957,0
22,1,70,637,1
11,0,33,375,1
20,1,278,615,0
7,1,303,622,1
3,1,18,591,0
3,0,219,578,1
15,1,16,319,1
11,1,144,213,0
9,0,335,171,0
17,0,143,386,0
16,0,316,168,0
23,1,154,765,1
12,0,121,64,0
12,0,261,416,0
16,1,339,315,1
17,0,34,567,1
20,0,171,461,0
12,0,89,400,0
23,1,383,469,1
19,1,109,788,1
17,1,55,157,1
5,1,222,95,1
14,1,331,933,0
19,0,232,50,0
3,1,351,382,0
17,1,165,458,1
23,0,327,218,1
21,1,49,962,1
20,0,263,908,1
17,0,186,62,0
11,1,314,284,0
14,1,338,844,1
23,1,290,528,0
14,1,75,980,0
12,0,326,324,0
15,0,314,443,0
18,0,269,56,0
12,1,59,468,0
2,0,367,11,0
1,0,341,841,1
18,0,104,719,1
2,1,23,313,0
14,1,144,128,1
5,1,268,783,0
18,0,300,421,1
18,0,208,180,0
2,1,323,992,1
20,0,247,355,1
10,0,35,361,1
18,1,349,318,0
6,1,231,464,0
4,1,338,668,0
14,0,386,380,0
8,1,258,334,0
14,1,130,669,0
16,0,202,561,1
15,1,137,650,0
4,1,268,277,1
1,1,110,769,1
13,0,282,732,0
16,1,343,312,0
17,0,12,383,1
4,0,80,518,0
23,1,262,617,0
4,1,275,884,1
19,0,188,158,0
15,1,265,852,0
3,0,73,485,0
9,1,279,366,1
1,0,259,239,1
15,0,115,13,1
6,1,16,382,1
23,0,322,472,1
22,0,98,843,1
12,0,292,441,1
10,0,206,480,0
4,0,224,497,1
5,1,118,116,0
19,1,279,986,1
13,1,355,149,1
23,1,260,957,0
1,0,129,994,1
3,0,279,810,1
11,1,396,613,1
9,1,313,120,1
7,1,307,248,0
13,1,152,77,1
18,0,255,3,1
0,0,20,18,0
7,1,144,491,1
12,0,392,945,1
17,0,20,686,1
1,0,181,558,0
18,1,160,780,0
7,1,171,53,0
23,1,35,85,1
19,1,225,172,0
14,1,248,76,0
9,1,191,100,0
21,0,240,90,1
14,1,318,827,1
10,1,75,721,0
15,1,100,695,1
14,0,371,956,0
12,1,91,810,0
2,0,235,961,0
17,0,202,197,1
5,0,362,534,0
0,0,348,601,0
8,1,392,93,1
14,1,119,474,0
18,1,307,801,1
14,1,142,655,0
9,0,300,887,1
4,0,158,347,0
21,1,378,488,1
23,0,211,397,0
23,0,316,482,0
4,1,67,487,1
7,1,175,827,0
9,1,63,278,1
10,0,349,477,1
15,1,124,50,0
4,1,303,235,1
0,0,225,549,0
20,0,185,635,1
1,1,351,253,0
2,0,167,578,1
13,1,132,114,1
12,0,50,539,1
1,0,335,202,0
14,1,109,593,0
15,1,201,897,1
10,1,60,908,1
23,1,79,221,0
16,0,210,596,0
2,1,325,564,1
14,1,10,715,1
0,1,271,540,0
15,1,380,185,1
23,1,292,311,1
12,0,13,609,0
21,1,165,217,0
1,0,310,700,0
14,0,380,418,0
3,1,47,116,0
17,0,297,689,1
23,1,4,744,0
7,0,324,786,0
9,1,129,395,1
0,0,259,517,0
19,0,353,42,0
17,1,165,996,1
0,1,240,963,0
17,1,239,284,1
20,1,74,663,1
7,1,249,363,1
5,0,150,837,0
1,1,326,619,1
15,0,322,394,1
7,1,116,99,1
3,1,323,242,0
8,1,21,1000,1
1,0,64,989,1
0,1,221,680,0
8,1,394,339,0
4,1,324,352,0
0,1,230,624,0
19,0,363,123,1
6,1,251,102,1
22,1,385,522,0
13,1,169,502,0
7,1,349,432,0
8,0,143,174,1
8,1,346,71,1
16,0,340,364,1
21,0,372,689,1
20,0,324,987,1
3,1,343,337,0
13,0,62,709,0
9,0,270,488,0
5,1,87,138,1
14,1,266,845,1
22,0,202,442,0
12,1,222,153,1
22,0,327,400,0
21,1,340,746,0
15,0,22,81,0
5,0,9,910,0
21,0,326,180,0
17,1,39,757,1
4,0,369,454,0
12,0,136,603,0
8,0,93,422,1
10,0,294,727,0
0,1,344,606,0
13,0,355,242,1
4,0,25,572,1
12,0,381,198,0
0,0,220,649,0
5,0,49,848,1
13,1,99,651,1
20,0,107,525,1
12,1,78,247,0
8,0,345,192,0
3,1,119,891,0
15,0,253,521,1
22,0,76,23,1
3,1,64,311,0
1,1,42,800,0
11,0,219,329,0
2,1,17,310,1
12,1,212,338,1
4,0,273,933,1
8,1,343,932,1
3,1,328,520,1
6,0,205,647,0
12,0,127,369,0
6,1,274,429,0
5,0,297,336,0
7,0,114,646,0
13,1,156,370,1
16,0,32,461,0
17,1,132,623,0
13,0,341,393,1
1,0,98,183,1
14,1,254,996,0
3,1,312,862,0
23,1,327,41,0
21,0,234,585,1
2,0,98,608,1
3,0,161,652,1
17,1,259,280,1
9,1,219,403,0
5,0,115,660,1
22,1,292,819,0
10,0,230,77,1
19,0,193,406,0
22,0,278,597,0
9,0,30,151,0
10,0,106,580,1
11,0,200,475,1
0,0,346,336,0
12,1,73,15,1
21,1,78,230,1
15,1,205,221,1
5,1,87,69,0
14,1,340,830,0
9,0,134,404,0
12,0,75,452,0
11,0,98,808,1
3,1,337,404,1
23,1,211,901,1
6,1,77,392,1
16,1,371,96,1
21,0,158,746,1
0,1,388,862,1
12,1,274,87,1
13,1,223,573,1
8,1,69,200,1
18,1,297,219,1
16,0,40,26,1
0,0,379,307,1
16,1,381,344,1
5,1,150,837,0
4,0,256,44,0
15,0,41,876,0
22,0,3,597,0
20,0,391,231,0
1,1,135,254,0
9,1,53,360,0
2,0,225,497,1
1,1,9,874,1
3,0,309,115,1
2,1,61,835,0
22,1,133,208,0
5,0,249,37,1
15,1,151,206,1
15,1,202,890,0
22,1,267,630,0
22,0,311,858,1
10,0,269,366,1
3,0,323,271,1
5,1,340,979,1
23,1,154,628,0
4,1,278,445,1
5,0,3,738,0
8,0,117,24,1
13,0,147,202,1
1,1,25,640,0
9,1,203,429,1
12,1,144,46,0
19,0,182,25,0
2,0,251,106,0
13,1,79,825,1
21,0,152,121,0
17,0,124,985,1
11,0,353,885,0
11,1,149,409,1
20,1,58,585,1
20,0,359,684,1
6,1,63,834,1
11,0,174,253,1
15,0,356,746,1
8,1,6,192,1
19,1,284,579,1
7,0,110,267,0
3,0,45,244,1
3,0,108,365,0
10,0,293,15,0
23,0,17,433,1
19,0,62,392,1
6,0,207,849,1
23,1,105,465,1
10,0,314,276,1
15,0,32,768,1
1,1,193,553,1
10,1,376,860,0
17,0,296,781,0
14,1,273,139,0
20,1,146,454,0
7,1,320,763,1
21,1,19,785,0
6,1,287,681,0
18,0,245,830,1
20,1,29,546,1
8,0,335,587,0
3,0,390,358,0
23,0,135,979,1
19,0,57,685,0
23,1,58,335,1
7,1,243,883,1
14,0,331,768,1
14,0,218,956,1
6,0,383,964,0
8,1,89,410,1
1,0,361,792,1
0,1,193,205,1
7,1,312,881,1
9,1,295,918,1
6,0,100,40,0
8,1,2,47,1
20,0,150,827,0
16,0,324,175,1
3,1,5,71,0
23,1,99,154,0
3,0,353,207,0
9,1,140,349,1
22,1,103,934,1
8,1,289,128,1
1,1,326,727,1
11,0,53,912,1
21,1,349,318,1
7,0,299,343,1
16,0,267,578,0
23,1,226,211,0
10,1,274,899,1
2,0,253,509,1
18,1,159,388,1
1,1,397,895,0
12,0,62,231,1
22,0,59,233,1
21,0,117,30,1
7,0,222,346,1
3,0,236,848,1
12,0,141,208,0
8,0,205,26,0
1,0,27,245,0
10,0,346,167,0
19,0,216,181,0
6,0,82,183,1
7,1,43,599,0
13,1,146,359,0
22,0,162,613,0
8,1,213,695,1
4,0,122,706,0
22,1,40,669,1
9,1,116,247,0
19,0,97,646,0
6,1,12,714,0
7,0,52,333,1
23,1,149,722,0
15,1,132,848,0
12,1,289,331,1
4,0,167,172,1
9,1,275,369,0
12,0,172,401,1
18,0,46,583,1
17,1,5,437,1
21,1,181,769,0
19,1,98,390,0
6,1,138,577,1
3,0,126,81,1
12,1,175,122,0
18,1,400,866,0
1,1,313,222,1
16,1,240,631,0
0,0,112,804,0
17,1,335,190,1
23,0,203,839,0
5,0,142,491,0
20,0,62,91,1
